"Site","N","dN15","sampleDate"
"1","0.65",NA,"May2021"
"2","0.52",NA,"May2021"
"3","0.68",NA,"May2021"
"4","0.61",NA,"May2021"
"5","0.69",NA,"May2021"
"6","0.64",NA,"May2021"
"7","0.53",NA,"May2021"
"8","0.62",NA,"May2021"
"9","0.76",NA,"May2021"
"10","0.65",NA,"May2021"
"11","0.67",NA,"May2021"
"13","0.66",NA,"May2021"
"14","0.64",NA,"May2021"
"15","0.52",NA,"May2021"
"16","0.95",NA,"May2021"
"17","0.65",NA,"May2021"
"19","0.53",NA,"May2021"
"20","0.69",NA,"May2021"
"21","0.7",NA,"May2021"
"22","0.5",NA,"May2021"
"24","0.63",NA,"May2021"
"25","0.64",NA,"May2021"
"26","0.62",NA,"May2021"
"27","0.54",NA,"May2021"
"28","0.67",NA,"May2021"
"29","0.64",NA,"May2021"
"30","0.68",NA,"May2021"
"31","0.66",NA,"May2021"
"32","0.51",NA,"May2021"
"34","0.66",NA,"May2021"
"35","0.75",NA,"May2021"
"36","0.81",NA,"May2021"
"37","0.8",NA,"May2021"
"38","0.72",NA,"May2021"
"39","0.56",NA,"May2021"
"40","0.69",NA,"May2021"
"41","0.6",NA,"May2021"
"42","0.71",NA,"May2021"
"43","0.59",NA,"May2021"
"44","0.58",NA,"May2021"
"45","0.56",NA,"May2021"
"46","0.69",NA,"May2021"
"47","0.69",NA,"May2021"
"48","0.56",NA,"May2021"
"50","0.61",NA,"May2021"
"51","0.77",NA,"May2021"
"52","0.61",NA,"May2021"
"53","0.6",NA,"May2021"
"54","0.46",NA,"May2021"
"55","0.65",NA,"May2021"
"56","0.52",NA,"May2021"
"57","0.46",NA,"May2021"
"58","0.49",NA,"May2021"
"59","0.4",NA,"May2021"
"60","0.59",NA,"May2021"
"61","0.66",NA,"May2021"
"62","0.63",NA,"May2021"
"63","0.49",NA,"May2021"
"64","0.63",NA,"May2021"
"65","0.64",NA,"May2021"
"66","0.59",NA,"May2021"
"67","0.73",NA,"May2021"
"68","0.58",NA,"May2021"
"69","0.74",NA,"May2021"
"70","0.65",NA,"May2021"
"71","0.59",NA,"May2021"
"72","0.69",NA,"May2021"
"73","0.53",NA,"May2021"
"74","0.7",NA,"May2021"
"75","0.71",NA,"May2021"
"77","0.64",NA,"May2021"
"78","0.6",NA,"May2021"
"79","0.48",NA,"May2021"
"80","0.67",NA,"May2021"
"80","0.62",NA,"May2021"
"81","0.6",NA,"May2021"
"82","0.61",NA,"May2021"
"84","0.5",NA,"May2021"
"85","0.58",NA,"May2021"
"86","0.68",NA,"May2021"
"87","0.64",NA,"May2021"
"89","0.66",NA,"May2021"
"90","0.74",NA,"May2021"
"91","0.67",NA,"May2021"
"92","0.54",NA,"May2021"
"93","0.71",NA,"May2021"
"94","0.57",NA,"May2021"
"95","0.6",NA,"May2021"
"96","0.75",NA,"May2021"
"97","0.69",NA,"May2021"
"98","0.65",NA,"May2021"
"99","0.72",NA,"May2021"
"100","0.74",NA,"May2021"
"101","0.68",NA,"May2021"
"102","0.6",NA,"May2021"
"103","0.69",NA,"May2021"
"104","0.59",NA,"May2021"
"105","0.59",NA,"May2021"
"106","0.54",NA,"May2021"
"107","0.63",NA,"May2021"
"108","0.61",NA,"May2021"
"109","0.57",NA,"May2021"
"110","0.59",NA,"May2021"
"111","0.51",NA,"May2021"
"112","0.47",NA,"May2021"
"113","0.6",NA,"May2021"
"114","0.5",NA,"May2021"
"115","0.61",NA,"May2021"
"116","0.71",NA,"May2021"
"117","0.83",NA,"May2021"
"118","0.88",NA,"May2021"
"119","0.61",NA,"May2021"
"120","0.72",NA,"May2021"
"121","0.62",NA,"May2021"
"122","0.69",NA,"May2021"
"123","0.53",NA,"May2021"
"125","0.7",NA,"May2021"
"126","0.6",NA,"May2021"
"127","0.47",NA,"May2021"
"128","0.67",NA,"May2021"
"129","0.63",NA,"May2021"
"130","0.73",NA,"May2021"
"131","0.93",NA,"May2021"
"132","0.7",NA,"May2021"
"133","0.69",NA,"May2021"
"134","0.69",NA,"May2021"
"136","0.66",NA,"May2021"
"137","0.75",NA,"May2021"
"138","0.62",NA,"May2021"
"139","0.57",NA,"May2021"
"140","0.74",NA,"May2021"
"141","0.76",NA,"May2021"
"142","0.55",NA,"May2021"
"143","0.84",NA,"May2021"
"144","0.6",NA,"May2021"
"145","0.72",NA,"May2021"
"146","0.68",NA,"May2021"
"147","0.7",NA,"May2021"
"148","0.63",NA,"May2021"
"149","0.58",NA,"May2021"
"150","0.51",NA,"May2021"
"151","0.74",NA,"May2021"
"152","0.7",NA,"May2021"
"153","0.7",NA,"May2021"
"154","0.5",NA,"May2021"
"155","0.57",NA,"May2021"
"156","0.7",NA,"May2021"
"157","0.53",NA,"May2021"
"158","0.53",NA,"May2021"
"159","0.53",NA,"May2021"
"160","0.72",NA,"May2021"
"161","0.7",NA,"May2021"
"162","0.68",NA,"May2021"
"163","0.68",NA,"May2021"
"164","0.56",NA,"May2021"
"165","0.73",NA,"May2021"
"166","0.48",NA,"May2021"
"167","0.56",NA,"May2021"
"168","0.6",NA,"May2021"
"169","0.58",NA,"May2021"
"170","0.72",NA,"May2021"
"171","0.7",NA,"May2021"
"172","0.68",NA,"May2021"
"173","0.72",NA,"May2021"
"175","0.69",NA,"May2021"
"176","0.67",NA,"May2021"
"178","0.77",NA,"May2021"
"179","0.73",NA,"May2021"
"180","0.7",NA,"May2021"
"181","0.65",NA,"May2021"
"182","0.54",NA,"May2021"
"183","0.59",NA,"May2021"
"184","0.63",NA,"May2021"
"185","0.67",NA,"May2021"
"186","0.67",NA,"May2021"
"187","0.62",NA,"May2021"
"188","0.68",NA,"May2021"
"200","0.72",NA,"May2021"
"201","0.66",NA,"May2021"
"202","0.65",NA,"May2021"
"203","0.7",NA,"May2021"
"204","0.66",NA,"May2021"
"205","0.85",NA,"May2021"
"206","0.69",NA,"May2021"
"207","0.85",NA,"May2021"
"208","0.75",NA,"May2021"
"209","0.81",NA,"May2021"
"210","0.82",NA,"May2021"
"LTER 3 Back Reef","0.59",NA,"May2021"
"LTER 3 Fringing Reef","0.6",NA,"May2021"
"LTER 6 Fringing","0.66",NA,"May2021"
"Cooks 1","0.56",NA,"May2021"
"OPU 1","0.7",NA,"May2021"
"OPU 2","0.79",NA,"May2021"
"2","0.46",NA,"Aug2020"
"3","0.59",NA,"Aug2020"
"4","0.40",NA,"Aug2020"
"6","0.50",NA,"Aug2020"
"7","0.45",NA,"Aug2020"
"8","0.57",NA,"Aug2020"
"9","0.47",NA,"Aug2020"
"10","0.45",NA,"Aug2020"
"11","0.55",NA,"Aug2020"
"12","0.53",NA,"Aug2020"
"13","0.54",NA,"Aug2020"
"14","0.57",NA,"Aug2020"
"16","0.81",NA,"Aug2020"
"17","0.56",NA,"Aug2020"
"19","0.43",NA,"Aug2020"
"22","0.40",NA,"Aug2020"
"24","0.51",NA,"Aug2020"
"25","0.51",NA,"Aug2020"
"26","0.59",NA,"Aug2020"
"27","0.37",NA,"Aug2020"
"30","0.56",NA,"Aug2020"
"31","0.55",NA,"Aug2020"
"32","0.44",NA,"Aug2020"
"33","0.36",NA,"Aug2020"
"34","0.36",NA,"Aug2020"
"35","0.65",NA,"Aug2020"
"36","0.54",NA,"Aug2020"
"37","0.63",NA,"Aug2020"
"38","0.60",NA,"Aug2020"
"39","0.44",NA,"Aug2020"
"40","0.48",NA,"Aug2020"
"41","0.42",NA,"Aug2020"
"42","0.47",NA,"Aug2020"
"43","0.52",NA,"Aug2020"
"44","0.44",NA,"Aug2020"
"45","0.54",NA,"Aug2020"
"46","0.71",NA,"Aug2020"
"47","0.51",NA,"Aug2020"
"50","0.49",NA,"Aug2020"
"51","0.74",NA,"Aug2020"
"52","0.67",NA,"Aug2020"
"53","0.59",NA,"Aug2020"
"54","0.55",NA,"Aug2020"
"56","0.48",NA,"Aug2020"
"57","0.55",NA,"Aug2020"
"58","0.52",NA,"Aug2020"
"59","0.51",NA,"Aug2020"
"60","0.54",NA,"Aug2020"
"61","0.53",NA,"Aug2020"
"62","0.48",NA,"Aug2020"
"63","0.45",NA,"Aug2020"
"64","0.44",NA,"Aug2020"
"65","0.56",NA,"Aug2020"
"66","0.59",NA,"Aug2020"
"67","0.65",NA,"Aug2020"
"68","0.69",NA,"Aug2020"
"69","0.62",NA,"Aug2020"
"70","0.62",NA,"Aug2020"
"71","0.58",NA,"Aug2020"
"72","0.60",NA,"Aug2020"
"73","0.50",NA,"Aug2020"
"74","0.54",NA,"Aug2020"
"75","0.57",NA,"Aug2020"
"76","0.33",NA,"Aug2020"
"77","0.53",NA,"Aug2020"
"78","0.53",NA,"Aug2020"
"80","0.68",NA,"Aug2020"
"81","0.64",NA,"Aug2020"
"82","0.57",NA,"Aug2020"
"83","0.53",NA,"Aug2020"
"84","0.62",NA,"Aug2020"
"85","0.56",NA,"Aug2020"
"86","0.57",NA,"Aug2020"
"87","0.61",NA,"Aug2020"
"88","0.61",NA,"Aug2020"
"89","0.68",NA,"Aug2020"
"90","0.61",NA,"Aug2020"
"91","0.51",NA,"Aug2020"
"92","0.68",NA,"Aug2020"
"93","0.62",NA,"Aug2020"
"94","0.48",NA,"Aug2020"
"95","0.53",NA,"Aug2020"
"97","0.63",NA,"Aug2020"
"98","0.62",NA,"Aug2020"
"100","0.60",NA,"Aug2020"
"101","0.55",NA,"Aug2020"
"102","0.67",NA,"Aug2020"
"103","0.48",NA,"Aug2020"
"104","0.53",NA,"Aug2020"
"105","0.56",NA,"Aug2020"
"106","0.61",NA,"Aug2020"
"107","0.52",NA,"Aug2020"
"110","0.53",NA,"Aug2020"
"111","0.54",NA,"Aug2020"
"112","0.52",NA,"Aug2020"
"113","0.56",NA,"Aug2020"
"114","0.61",NA,"Aug2020"
"115","0.54",NA,"Aug2020"
"116","0.51",NA,"Aug2020"
"117","0.49",NA,"Aug2020"
"118","0.56",NA,"Aug2020"
"119","0.50",NA,"Aug2020"
"120","0.57",NA,"Aug2020"
"121","0.63",NA,"Aug2020"
"122","0.52",NA,"Aug2020"
"123","0.52",NA,"Aug2020"
"124","0.45",NA,"Aug2020"
"125","0.57",NA,"Aug2020"
"126","0.44",NA,"Aug2020"
"127","0.55",NA,"Aug2020"
"128","0.56",NA,"Aug2020"
"129","0.51",NA,"Aug2020"
"130","0.52",NA,"Aug2020"
"131","0.65",NA,"Aug2020"
"132","0.46",NA,"Aug2020"
"133","0.59",NA,"Aug2020"
"134","0.54",NA,"Aug2020"
"135","0.46",NA,"Aug2020"
"136","0.51",NA,"Aug2020"
"137","0.52",NA,"Aug2020"
"138","0.39",NA,"Aug2020"
"139","0.61",NA,"Aug2020"
"140","0.50",NA,"Aug2020"
"141","0.74",NA,"Aug2020"
"142","0.50",NA,"Aug2020"
"143","0.59",NA,"Aug2020"
"144","0.46",NA,"Aug2020"
"145","0.46",NA,"Aug2020"
"146","0.55",NA,"Aug2020"
"147","0.54",NA,"Aug2020"
"148","0.58",NA,"Aug2020"
"149","0.40",NA,"Aug2020"
"150","0.51",NA,"Aug2020"
"151","0.52",NA,"Aug2020"
"152","0.55",NA,"Aug2020"
"153","0.60",NA,"Aug2020"
"154","0.47",NA,"Aug2020"
"155","0.56",NA,"Aug2020"
"156","0.56",NA,"Aug2020"
"158","0.43",NA,"Aug2020"
"159","0.61",NA,"Aug2020"
"160","0.57",NA,"Aug2020"
"161","0.50",NA,"Aug2020"
"162","0.49",NA,"Aug2020"
"163","0.60",NA,"Aug2020"
"164","0.58",NA,"Aug2020"
"165","0.66",NA,"Aug2020"
"166","0.67",NA,"Aug2020"
"167","0.71",NA,"Aug2020"
"168","0.33",NA,"Aug2020"
"169","0.54",NA,"Aug2020"
"170","0.59",NA,"Aug2020"
"171","0.53",NA,"Aug2020"
"172","0.63",NA,"Aug2020"
"173","0.55",NA,"Aug2020"
"175","0.55",NA,"Aug2020"
"176","0.59",NA,"Aug2020"
"177","0.48",NA,"Aug2020"
"178","0.43",NA,"Aug2020"
"179","0.45",NA,"Aug2020"
"180","0.43",NA,"Aug2020"
"181","0.38",NA,"Aug2020"
"182","0.42",NA,"Aug2020"
"183","0.47",NA,"Aug2020"
"184","0.47",NA,"Aug2020"
"185","0.59",NA,"Aug2020"
"186","0.53",NA,"Aug2020"
"187","0.53",NA,"Aug2020"
"188","0.41",NA,"Aug2020"
"200","0.53",NA,"Aug2020"
"201","0.46",NA,"Aug2020"
"202","0.43",NA,"Aug2020"
"203","0.49",NA,"Aug2020"
"205","0.84",NA,"Aug2020"
"206","0.59",NA,"Aug2020"
"207","0.68",NA,"Aug2020"
"208","0.58",NA,"Aug2020"
"209","0.54",NA,"Aug2020"
"295","0.63",NA,"Aug2020"
"Opu_1","0.56",NA,"Aug2020"
"Cooks_1","0.44",NA,"Aug2020"
"LTER_6_Fringe","0.43",NA,"Aug2020"
"LTER_3_Backreef","0.51",NA,"Aug2020"
"Opu_2","0.53",NA,"Aug2020"
"LTER_3_Fringe","0.50",NA,"Aug2020"
"96","0.54",NA,"Aug2020"
"96","0.53",NA,"Aug2020"
"99","0.65",NA,"Aug2020"
"99","0.51",NA,"Aug2020"
"3","0.6352",NA,"July2019"
"4","0.6307",NA,"July2019"
"8","0.5774",NA,"July2019"
"101","0.5735",NA,"July2019"
"102","0.5817",NA,"July2019"
"22","0.5753",NA,"July2019"
"27","0.4557",NA,"July2019"
"93","0.5933",NA,"July2019"
"31","0.6354",NA,"July2019"
"33","0.6058",NA,"July2019"
"134","0.6351",NA,"July2019"
"35","0.6313",NA,"July2019"
"37","0.6257",NA,"July2019"
"43","0.4649",NA,"July2019"
"46","0.6757",NA,"July2019"
"47","0.5803",NA,"July2019"
"50","0.5768",NA,"July2019"
"60","0.6248",NA,"July2019"
"63","0.5221",NA,"July2019"
"65","0.5765",NA,"July2019"
"66","0.5972",NA,"July2019"
"67","0.6816",NA,"July2019"
"68","0.7531",NA,"July2019"
"72","0.6541",NA,"July2019"
"73","0.5389",NA,"July2019"
"74","0.6604",NA,"July2019"
"75","0.6619",NA,"July2019"
"76","0.5428",NA,"July2019"
"77","0.5663",NA,"July2019"
"78","0.5756",NA,"July2019"
"83","0.4876",NA,"July2019"
"86","0.6335",NA,"July2019"
"89","0.583",NA,"July2019"
"92","0.6626",NA,"July2019"
"94","0.5153",NA,"July2019"
"95","0.5481",NA,"July2019"
"98","0.631",NA,"July2019"
"106","0.6985",NA,"July2019"
"108","0.597",NA,"July2019"
"111","0.554",NA,"July2019"
"112","0.6696",NA,"July2019"
"113","0.7084",NA,"July2019"
"114","0.5596",NA,"July2019"
"118","0.617",NA,"July2019"
"119","0.6351",NA,"July2019"
"120","0.5413",NA,"July2019"
"122","0.5785",NA,"July2019"
"123","0.4627",NA,"July2019"
"128","0.7017",NA,"July2019"
"130","0.542",NA,"July2019"
"132","0.6467",NA,"July2019"
"133","0.5757",NA,"July2019"
"140","0.4816",NA,"July2019"
"146","0.6951",NA,"July2019"
"147","0.5795",NA,"July2019"
"148","0.6345",NA,"July2019"
"149","0.6818",NA,"July2019"
"131","0.701",NA,"July2019"
"152","0.59",NA,"July2019"
"161","0.6151",NA,"July2019"
"163","0.5696",NA,"July2019"
"166","0.4463",NA,"July2019"
"167","0.6483",NA,"July2019"
"169","0.6184",NA,"July2019"
"170","0.6907",NA,"July2019"
"171","0.4817",NA,"July2019"
"175","0.5897",NA,"July2019"
"181","0.5925",NA,"July2019"
"185","0.5676",NA,"July2019"
"187","0.5488",NA,"July2019"
"LTER_1_Backreef","0.5769",NA,"July2019"
"LTER_1_Fringe","0.6782",NA,"July2019"
"LTER_2_Backreef","0.6731",NA,"July2019"
"LTER_2_Fringe","0.6879",NA,"July2019"
"LTER_3_Backreef","0.5974",NA,"July2019"
"LTER_3_Fringe","0.7122",NA,"July2019"
"LTER_4_Backreef","0.5489",NA,"July2019"
"LTER_4_Fringe","0.5659",NA,"July2019"
"LTER_5_Backreef","0.5219",NA,"July2019"
"LTER_5_Fringe","0.6176",NA,"July2019"
"LTER_6_Backreef","0.6321",NA,"July2019"
"91","0.5937",NA,"July2019"
"LTER_6_Fringe","0.6341",NA,"July2019"
"Sofitel","0.522",NA,"July2019"
"1","0.45",11.81,"July2016"
"2","0.43",7.96,"July2016"
"3","0.52",6.65,"July2016"
"4","0.54",4.69,"July2016"
"5","0.47",9.27,"July2016"
"6","0.42",5.97,"July2016"
"7","0.5",4.04,"July2016"
"8","0.46",4.51,"July2016"
"9","0.4",5.45,"July2016"
"10","0.47",4.93,"July2016"
"11","0.46",5.78,"July2016"
"12","0.48",7.66,"July2016"
"13","0.48",5.68,"July2016"
"14","0.48",4.23,"July2016"
"16","0.69",5.69,"July2016"
"17","0.32",6.87,"July2016"
"18","0.34",6,"July2016"
"19","0.36",5.69,"July2016"
"20","0.33",5.31,"July2016"
"21","0.37",5.46,"July2016"
"22","0.31",4.98,"July2016"
"23","0.38",4.47,"July2016"
"24","0.29",4.82,"July2016"
"25","0.44",4.27,"July2016"
"26","0.49",4.49,"July2016"
"27","0.32",6.31,"July2016"
"28","0.36",4.21,"July2016"
"29","0.41",6.88,"July2016"
"30","0.34",4.8,"July2016"
"31","0.35",4.68,"July2016"
"32","0.33",4.555,"July2016"
"33","0.41",5.06,"July2016"
"34","0.44",4.46,"July2016"
"35","0.52",4.8,"July2016"
"36","0.5",4.9,"July2016"
"37","0.6",4.83,"July2016"
"38","0.49",5.27,"July2016"
"39","0.45",4.61,"July2016"
"40","0.36",4.95,"July2016"
"41","0.34",4.37,"July2016"
"42","0.4",4.86,"July2016"
"43","0.46",4.63,"July2016"
"44","0.31",4.38,"July2016"
"45","0.41",5.06,"July2016"
"46","0.36",4.83,"July2016"
"47","0.41",8.55,"July2016"
"48","0.35",5.08,"July2016"
"49","0.35",4.99,"July2016"
"50","0.32",4.72,"July2016"
"51","0.7",5.06,"July2016"
"52","0.61",4.84,"July2016"
"53","0.49",5.13,"July2016"
"56","0.32",4.26,"July2016"
"57","0.43",4.88,"July2016"
"58","0.34",4.63,"July2016"
"59","0.44",4.51,"July2016"
"60","0.42",4.94,"July2016"
"61","0.43",4.91,"July2016"
"62","0.43",4.6,"July2016"
"63","0.35",4.58,"July2016"
"64","0.38",4.32,"July2016"
"65","0.45",4.59,"July2016"
"66","0.48",4.84,"July2016"
"67","0.61",6.22,"July2016"
"68","0.61",4.72,"July2016"
"69","0.56",4.97,"July2016"
"70","0.48",4.57,"July2016"
"71","0.35",4.3,"July2016"
"72","0.44",4.64,"July2016"
"73","0.41",4.33,"July2016"
"74","0.38",4.11,"July2016"
"76","0.33",3.84,"July2016"
"77","0.4",4.47,"July2016"
"78","0.4",4.38,"July2016"
"79","0.4",4.55,"July2016"
"80","0.49",3.93,"July2016"
"81","0.5",4.32,"July2016"
"82","0.4",4.53,"July2016"
"83","0.5",4.78,"July2016"
"84","0.42",4.21,"July2016"
"85","0.55",4.2,"July2016"
"86","0.49",4.01,"July2016"
"87","0.59",4.3,"July2016"
"88","0.52",3.65,"July2016"
"89","0.58",4.1,"July2016"
"90","0.4",4.36,"July2016"
"91","0.43",4.53,"July2016"
"92","0.42",4.55,"July2016"
"93","0.38",4.59,"July2016"
"94","0.37",4.4,"July2016"
"95","0.44",4.6,"July2016"
"96","0.54",4.96,"July2016"
"97","0.35",4.73,"July2016"
"98","0.49",5.63,"July2016"
"99","0.49",4.34,"July2016"
"100","0.42",4.92,"July2016"
"101","0.43",4.79,"July2016"
"102","0.35",4.1,"July2016"
"103","0.4",2.6,"July2016"
"104","0.45",2.84,"July2016"
"105","0.34",3.28,"July2016"
"106","0.33",2.62,"July2016"
"107","0.36",2.69,"July2016"
"108","0.33",2.91,"July2016"
"109","0.25",2.15,"July2016"
"110","0.37",2.56,"July2016"
"111","0.35",3.3,"July2016"
"112","0.31",2.83,"July2016"
"113","0.41",2.45,"July2016"
"114","0.35",3.57,"July2016"
"115","0.28",2.62,"July2016"
"116","0.46",2.21,"July2016"
"117","0.34",2.19,"July2016"
"118","0.45",1.97,"July2016"
"119","0.33",2.33,"July2016"
"120","0.36",2.29,"July2016"
"121","0.39",1.86,"July2016"
"122","0.28",2.84,"July2016"
"123","0.4",2.22,"July2016"
"124","0.3",3.07,"July2016"
"125","0.36",0.56,"July2016"
"127","0.37",2.58,"July2016"
"129","0.35",2.72,"July2016"
"130","0.37",3.36,"July2016"
"131","0.43",3.19,"July2016"
"132","0.34",3.31,"July2016"
"134","0.42",2.41,"July2016"
"135","0.36",3.32,"July2016"
"136","0.35",2.36,"July2016"
"138","0.5",3.35,"July2016"
"142","0.44",2.99,"July2016"
"143","0.35",3.54,"July2016"
"144","0.33",3.38,"July2016"
"145","0.47",2.59,"July2016"
"146","0.45",2.74,"July2016"
"147","0.33",3.4,"July2016"
"148","0.35",3.81,"July2016"
"149","0.33",3.58,"July2016"
"150","0.51",2.76,"July2016"
"151","0.31",3.98,"July2016"
"152","0.31",3.42,"July2016"
"153","0.31",3.77,"July2016"
"154","0.5",2.48,"July2016"
"155","0.48",3.27,"July2016"
"157","0.45",2.67,"July2016"
"158","0.44",3.07,"July2016"
"159","0.44",3.43,"July2016"
"160","0.27",3.36,"July2016"
"161","0.33",3.45,"July2016"
"162","0.34",4.2,"July2016"
"163","0.4",3.06,"July2016"
"164","0.44",3.08,"July2016"
"165","0.49",3.56,"July2016"
"166","0.39",3.96,"July2016"
"167","0.39",3.82,"July2016"
"168","0.3",4.68,"July2016"
"169","0.36",4.53,"July2016"
"170","0.4",4.38,"July2016"
"171","0.4",3.97,"July2016"
"172","0.45",4.47,"July2016"
"173","0.37",4.84,"July2016"
"175","0.49",4.89,"July2016"
"176","0.47",4.89,"July2016"
"177","0.42",4.5,"July2016"
"178","0.34",5.27,"July2016"
"179","0.35",4.95,"July2016"
"181","0.3",5.23,"July2016"
"182","0.38",4.83,"July2016"
"183","0.33",4.08,"July2016"
"184","0.21",4.08,"July2016"
"185","0.31",3.69,"July2016"
"186","0.53",4.6,"July2016"
"187","0.32",4.64,"July2016"
"OPU 1",NA,NA,"July2016"
"1","0.68",3.77,"May2016"
"2","0.47",3.73,"May2016"
"3","0.49",3.71,"May2016"
"4","0.41",2.99,"May2016"
"6","0.57",3.01,"May2016"
"7","0.46",2.57,"May2016"
"9","0.54",2.96,"May2016"
"10","0.51",3.48,"May2016"
"11","0.63",3.75,"May2016"
"12","0.46",3.51,"May2016"
"13","0.65",4.24,"May2016"
"14","0.51",3.52,"May2016"
"16","0.56",3.29,"May2016"
"21","0.52",3.24,"May2016"
"22","0.49",3.34,"May2016"
"24","0.55",3.05,"May2016"
"25","0.53",3.13,"May2016"
"26","0.54",3.44,"May2016"
"27","0.42",3.35,"May2016"
"28","0.52",3.27,"May2016"
"29","0.44",3.42,"May2016"
"30","0.45",3.04,"May2016"
"31","0.45",3.33,"May2016"
"32","0.47",2.88,"May2016"
"33","0.41",3.47,"May2016"
"34","0.49",3.2,"May2016"
"35","0.56",3.57,"May2016"
"36","0.51",3.79,"May2016"
"37","0.55",3.85,"May2016"
"38","0.56",4.3,"May2016"
"40","0.53",3.52,"May2016"
"41","0.5",3.66,"May2016"
"42","0.51",3.07,"May2016"
"43","0.48",3.21,"May2016"
"44","0.48",3.7,"May2016"
"45","0.63",4.23,"May2016"
"46","0.61",3.8,"May2016"
"47","0.56",3.48,"May2016"
"48","0.49",3.44,"May2016"
"50","0.54",3.87,"May2016"
"51","0.71",4.28,"May2016"
"52","0.66",4.24,"May2016"
"53","0.61",4.13,"May2016"
"54","0.57",4.22,"May2016"
"55","0.59",4.15,"May2016"
"56","0.46",3.52,"May2016"
"57","0.53",3.89,"May2016"
"58","0.43",2.7,"May2016"
"59","0.49",2.22,"May2016"
"60","0.6",3.32,"May2016"
"61","0.52",2.9,"May2016"
"62","0.54",2.33,"May2016"
"63","0.45",2.47,"May2016"
"64","0.51",2.47,"May2016"
"65","0.52",2.91,"May2016"
"66","0.55",3.76,"May2016"
"67","0.66",4.99,"May2016"
"68","0.63",3.88,"May2016"
"69","0.6",4.34,"May2016"
"70","0.51",3.8,"May2016"
"71","0.47",3.03,"May2016"
"72","0.56",3.43,"May2016"
"73","0.46",3.24,"May2016"
"74","0.44",3.15,"May2016"
"75","0.54",3.7,"May2016"
"76","0.42",3.72,"May2016"
"77","0.46",2.86,"May2016"
"78","0.41",3.15,"May2016"
"80","0.59",3.36,"May2016"
"81","0.59",3.23,"May2016"
"82","0.52",3.61,"May2016"
"83","0.62",3.35,"May2016"
"84","0.6",3.85,"May2016"
"86","0.52",3.31,"May2016"
"87","0.55",3.78,"May2016"
"88","0.61",3.02,"May2016"
"89","0.58",3.54,"May2016"
"90","0.49",3.45,"May2016"
"91","0.54",3.86,"May2016"
"92","0.45",3.83,"May2016"
"93","0.57",3.92,"May2016"
"94","0.38",3.54,"May2016"
"95","0.43",4.13,"May2016"
"96","0.63",3.93,"May2016"
"97","0.52",3.75,"May2016"
"98","0.52",3.57,"May2016"
"99","0.49",2.91,"May2016"
"100","0.52",4.16,"May2016"
"101","0.51",4.09,"May2016"
"102","0.43",3.76,"May2016"
"103","0.47",3.71,"May2016"
"104","0.39",3.24,"May2016"
"105","0.4",3.97,"May2016"
"106","0.37",3.68,"May2016"
"107","0.47",3.4,"May2016"
"108","0.46",3.57,"May2016"
"109","0.42",3.02,"May2016"
"111","0.41",2.99,"May2016"
"112","0.47",2.91,"May2016"
"113","0.49",2.59,"May2016"
"114","0.4",2.45,"May2016"
"115","0.44",2.57,"May2016"
"116","0.56",3.02,"May2016"
"117","0.44",2.66,"May2016"
"118","0.48",2.67,"May2016"
"119","0.48",2.83,"May2016"
"120","0.52",3.42,"May2016"
"121","0.43",2.8,"May2016"
"122","0.46",2.97,"May2016"
"123","0.48",3.16,"May2016"
"124","0.45",3.35,"May2016"
"125","0.45",2.28,"May2016"
"126","0.53",2.71,"May2016"
"127","0.45",3.23,"May2016"
"128","0.42",2.43,"May2016"
"129","0.54",3.58,"May2016"
"130","0.53",3.57,"May2016"
"131","0.61",4.16,"May2016"
"132","0.6",4.17,"May2016"
"133","0.45",2.46,"May2016"
"134","0.4",2.84,"May2016"
"136","0.44",3.67,"May2016"
"139","0.69",4.22,"May2016"
"140","0.59",4.52,"May2016"
"141","0.66",4.88,"May2016"
"142","0.58",4.12,"May2016"
"143","0.58",4.21,"May2016"
"144","0.57",3.89,"May2016"
"145","0.55",4.06,"May2016"
"146","0.47",3.73,"May2016"
"147","0.53",4.12,"May2016"
"148","0.55",4,"May2016"
"149","0.56",4.09,"May2016"
"150","0.55",4.17,"May2016"
"151","0.54",3.91,"May2016"
"152","0.5",3.92,"May2016"
"153","0.59",3.88,"May2016"
"155","0.61",3.95,"May2016"
"156","0.6",4.12,"May2016"
"157","0.65",4.01,"May2016"
"158","0.55",4.72,"May2016"
"159","0.72",4.73,"May2016"
"160","0.49",2.24,"May2016"
"161","0.48",2.95,"May2016"
"162","0.48",3.4,"May2016"
"163","0.43",3.86,"May2016"
"164","0.52",3.02,"May2016"
"165","0.49",3.32,"May2016"
"166","0.51",3.72,"May2016"
"167","0.43",3.33,"May2016"
"168","0.46",3.48,"May2016"
"169","0.5",3.79,"May2016"
"170","0.51",3.67,"May2016"
"171","0.53",3.35,"May2016"
"172","0.55",4.31,"May2016"
"173","0.62",3.99,"May2016"
"175","0.54",4.39,"May2016"
"176","0.54",4.07,"May2016"
"177","0.54",4.04,"May2016"
"178","0.6",4.75,"May2016"
"179","0.64",4.23,"May2016"
"181","0.63",4.3,"May2016"
"182","0.39",4.56,"May2016"
"183","0.5",3.74,"May2016"
"184","0.52",4.2,"May2016"
"185","0.53",3.53,"May2016"
"186","0.64",4.43,"May2016"
"187","0.59",3.96,"May2016"
"Cook 1","0.57",5.6,"May2016"
"OPU 1","0.58",5.16,"May2016"
"OPU 2","0.62",5.61,"May2016"
"1","0.43",2.38,"Jan2016"
"2","0.34",2.38,"Jan2016"
"3","0.45",3.36,"Jan2016"
"4","0.44",2.66,"Jan2016"
"5","0.5",4.17,"Jan2016"
"6","0.49",3.73,"Jan2016"
"7","0.42",1.83,"Jan2016"
"8","0.42",2.88,"Jan2016"
"9","0.41",3.03,"Jan2016"
"10","0.42",3.18,"Jan2016"
"11","0.48",3.53,"Jan2016"
"12","0.43",3.35,"Jan2016"
"13","0.41",2.1,"Jan2016"
"14","0.36",2.88,"Jan2016"
"16","0.63",3.52,"Jan2016"
"17","0.39",1.99,"Jan2016"
"18","0.49",3,"Jan2016"
"19","0.43",3.33,"Jan2016"
"20","0.38",3.4,"Jan2016"
"21","0.41",2.73,"Jan2016"
"22","0.44",3.52,"Jan2016"
"23","0.47",3.29,"Jan2016"
"24","0.51",2.84,"Jan2016"
"25","0.46",2.85,"Jan2016"
"26","0.47",2.26,"Jan2016"
"27","0.32",2.11,"Jan2016"
"28","0.33",1.95,"Jan2016"
"29","0.42",2.82,"Jan2016"
"30","0.33",2.33,"Jan2016"
"31","0.3",2.4,"Jan2016"
"32","0.37",2.64,"Jan2016"
"33","0.39",2.97,"Jan2016"
"34","0.42",2.65,"Jan2016"
"35","0.46",3.08,"Jan2016"
"36","0.47",3.12,"Jan2016"
"37","0.46",3.34,"Jan2016"
"38","0.49",3.74,"Jan2016"
"39","0.44",2.47,"Jan2016"
"40","0.49",2.73,"Jan2016"
"41","0.42",3,"Jan2016"
"43","0.38",2.81,"Jan2016"
"44","0.38",2.5,"Jan2016"
"45","0.4",3.27,"Jan2016"
"46","0.47",3.11,"Jan2016"
"47","0.36",2.47,"Jan2016"
"48","0.48",2.59,"Jan2016"
"50","0.43",3.5,"Jan2016"
"51","0.63",4.23,"Jan2016"
"52","0.45",3.33,"Jan2016"
"53","0.51",2.61,"Jan2016"
"54","0.41",3.26,"Jan2016"
"55","0.43",2.86,"Jan2016"
"56","0.38",2.55,"Jan2016"
"57","0.36",2.92,"Jan2016"
"58","0.34",2.53,"Jan2016"
"59","0.43",3.05,"Jan2016"
"60","0.48",3.77,"Jan2016"
"61","0.46",3.38,"Jan2016"
"62","0.39",3.13,"Jan2016"
"63","0.34",2.77,"Jan2016"
"64","0.43",2.49,"Jan2016"
"65","0.4",2.37,"Jan2016"
"66","0.49",3.18,"Jan2016"
"67","0.51",4.62,"Jan2016"
"68","0.47",3.4,"Jan2016"
"69","0.42",2.98,"Jan2016"
"70","0.49",3.54,"Jan2016"
"71","0.4",3.16,"Jan2016"
"73","0.39",2.82,"Jan2016"
"74","0.37",3.06,"Jan2016"
"75","0.43",3.5,"Jan2016"
"76","0.4",3.22,"Jan2016"
"77","0.39",2.49,"Jan2016"
"78","0.41",2.55,"Jan2016"
"79","0.4",2.81,"Jan2016"
"80","0.42",2.3,"Jan2016"
"81","0.49",2.61,"Jan2016"
"82","0.4",2.3,"Jan2016"
"83","0.43",3.12,"Jan2016"
"84","0.37",2.38,"Jan2016"
"85","0.49",3.01,"Jan2016"
"86","0.55",2.91,"Jan2016"
"87","0.45",2.25,"Jan2016"
"88","0.43",1.8,"Jan2016"
"89","0.39",1.68,"Jan2016"
"90","0.42",2.27,"Jan2016"
"90 #2","0.37",1.74,"Jan2016"
"91","0.39",2.15,"Jan2016"
"92","0.39",2.47,"Jan2016"
"93","0.36",2.61,"Jan2016"
"94","0.29",2.5,"Jan2016"
"95","0.38",3.15,"Jan2016"
"96","0.38",3.51,"Jan2016"
"97","0.38",3.68,"Jan2016"
"98","0.36",2.99,"Jan2016"
"99","0.47",2.32,"Jan2016"
"100","0.47",3.38,"Jan2016"
"101","0.4",3.56,"Jan2016"
"102","0.39",3.68,"Jan2016"
"103","0.43",2.43,"Jan2016"
"104","0.29",2.07,"Jan2016"
"105","0.36",3.07,"Jan2016"
"106","0.39",2.64,"Jan2016"
"107","0.42",2.98,"Jan2016"
"108","0.37",3.33,"Jan2016"
"109","0.33",2.51,"Jan2016"
"110","0.42",2.94,"Jan2016"
"111","0.35",2.83,"Jan2016"
"112","0.33",2.38,"Jan2016"
"113","0.43",2.19,"Jan2016"
"114","0.36",3.02,"Jan2016"
"115","0.38",3.02,"Jan2016"
"116","0.34",2.23,"Jan2016"
"117","0.5",2.55,"Jan2016"
"118","0.46",2.51,"Jan2016"
"119","0.39",3.07,"Jan2016"
"120","0.41",2.82,"Jan2016"
"121","0.45",2.38,"Jan2016"
"122","0.35",3.16,"Jan2016"
"123","0.3",2.35,"Jan2016"
"124","0.4",3.36,"Jan2016"
"125","0.49",1.7,"Jan2016"
"127","0.31",2.33,"Jan2016"
"128","0.36",2.68,"Jan2016"
"129","0.42",2.99,"Jan2016"
"130","0.34",3.47,"Jan2016"
"131","0.47",3.78,"Jan2016"
"132","0.38",3.27,"Jan2016"
"133","0.32",1.56,"Jan2016"
"134","0.35",2.75,"Jan2016"
"135","0.42",3.68,"Jan2016"
"136","0.32",3.08,"Jan2016"
"137","0.37",3.78,"Jan2016"
"139","0.45",3.48,"Jan2016"
"140","0.47",3.88,"Jan2016"
"141","0.55",4.19,"Jan2016"
"142","0.5",3.39,"Jan2016"
"143","0.54",3.64,"Jan2016"
"144","0.38",3.45,"Jan2016"
"145","0.62",3.68,"Jan2016"
"146","0.44",2.79,"Jan2016"
"147","0.38",3.34,"Jan2016"
"148","0.48",3.42,"Jan2016"
"149","0.47",3.4,"Jan2016"
"150","0.51",4.12,"Jan2016"
"151","0.45",3.39,"Jan2016"
"152","0.43",3.58,"Jan2016"
"153","0.39",3.64,"Jan2016"
"154","0.45",3.44,"Jan2016"
"155","0.39",3.3,"Jan2016"
"156","0.35",3.28,"Jan2016"
"157","0.49",3.56,"Jan2016"
"158","0.5",3.55,"Jan2016"
"159","0.57",3.98,"Jan2016"
"160","0.45",2.95,"Jan2016"
"161","0.52",3.49,"Jan2016"
"162","0.45",3.91,"Jan2016"
"163","0.54",2.71,"Jan2016"
"164","0.44",2.72,"Jan2016"
"165","0.43",3.08,"Jan2016"
"166","0.32",3.2,"Jan2016"
"167","0.44",3.21,"Jan2016"
"168","0.34",3.34,"Jan2016"
"169","0.46",3.55,"Jan2016"
"170","0.45",3.13,"Jan2016"
"171","0.44",3.28,"Jan2016"
"173","0.43",3.15,"Jan2016"
"174","0.49",3.48,"Jan2016"
"175","0.59",3.77,"Jan2016"
"175 #2","0.59",3.93,"Jan2016"
"176","0.56",3.62,"Jan2016"
"177","0.54",3.94,"Jan2016"
"178","0.63",3.78,"Jan2016"
"179","0.47",3.32,"Jan2016"
"180","0.39",3.76,"Jan2016"
"181","0.48",3.82,"Jan2016"
"182","0.45",3.74,"Jan2016"
"183","0.39",3.49,"Jan2016"
"184","0.47",3.84,"Jan2016"
"185","0.43",3.39,"Jan2016"
"186#2","0.45",3.95,"Jan2016"
"186","0.58",3.67,"Jan2016"
"187","0.41",3.58,"Jan2016"
"188","0.42",3.92,"Jan2016"
"OPU 1","0.54",5,"Jan2016"
"OPU 2","0.33",4.5,"Jan2016"
"Cook 1","0.42",5.09,"Jan2016"
